-- ============================================================
-- HACO Food OS — Seed Data (HACO Food / Bếp Cô Hạ)
-- Chạy SAU schema.sql + schema_haco_extension.sql + policies.sql
-- Dữ liệu demo: T5/2026
-- ============================================================

-- Disable triggers temporarily for faster inserts
SET session_replication_role = replica;

-- ============================================================
-- COMPANY
-- ============================================================
INSERT INTO companies (id, name, short_name, tax_id, industry, address, phone, email, fiscal_year_start, base_currency, timezone) VALUES
(
  'a1000000-0000-0000-0000-000000000001',
  'Công ty TNHH HACO Food',
  'HACO Food',
  '0312345678',
  'F&B',
  '123 Nguyễn Thị Thập, Quận 7, TP.HCM',
  '028 3812 3456',
  'admin@haco.food',
  1,
  'VND',
  'Asia/Ho_Chi_Minh'
);

-- ============================================================
-- DEPARTMENTS (7 phòng)
-- ============================================================
INSERT INTO departments (id, company_id, name, code, description, sort_order) VALUES
('b1000000-0001-0000-0000-000000000001', 'a1000000-0000-0000-0000-000000000001', 'Ban Giám đốc',            'BGĐ', 'Ban lãnh đạo công ty',              1),
('b1000000-0002-0000-0000-000000000002', 'a1000000-0000-0000-0000-000000000001', 'Kinh doanh & Sales',      'KD',  'Kinh doanh B2B, B2C, sự kiện',    2),
('b1000000-0003-0000-0000-000000000003', 'a1000000-0000-0000-0000-000000000001', 'Marketing & Truyền thông','MKT', 'Digital, branding, content',       3),
('b1000000-0004-0000-0000-000000000004', 'a1000000-0000-0000-0000-000000000001', 'Sản xuất & Bếp',         'SX',  'Bếp trung tâm, xuất bếp, HACCP',  4),
('b1000000-0005-0000-0000-000000000005', 'a1000000-0000-0000-0000-000000000001', 'R&D & Chất lượng',       'RD',  'Nghiên cứu món, QA/QC, thực đơn', 5),
('b1000000-0006-0000-0000-000000000006', 'a1000000-0000-0000-0000-000000000001', 'Mua hàng & Logistics',   'MH',  'Procurement, kho, vận chuyển',    6),
('b1000000-0007-0000-0000-000000000007', 'a1000000-0000-0000-0000-000000000001', 'HR & Tài chính',         'HR',  'Nhân sự, kế toán, hành chính',    7);

-- ============================================================
-- EMPLOYEES (14 nhân sự)
-- ============================================================
INSERT INTO employees (id, company_id, department_id, employee_code, full_name, email, phone, position, level, hire_date, is_active, base_salary) VALUES
-- BGĐ
('c1000001-0000-0000-0000-000000000001', 'a1000000-0000-0000-0000-000000000001', 'b1000000-0001-0000-0000-000000000001', 'EMP001', 'Nguyễn Văn Hùng',   'hung.nv@haco.food',   '0901 111 001', 'CEO / Giám đốc',          'C-level', '2020-01-01', TRUE, 45000000),
('c1000002-0000-0000-0000-000000000002', 'a1000000-0000-0000-0000-000000000001', 'b1000000-0001-0000-0000-000000000001', 'EMP002', 'Trần Thị Lan',      'lan.tt@haco.food',    '0901 111 002', 'CFO / Giám đốc Tài chính','C-level', '2020-03-01', TRUE, 38000000),
-- KD
('c1000003-0000-0000-0000-000000000003', 'a1000000-0000-0000-0000-000000000001', 'b1000000-0002-0000-0000-000000000002', 'EMP003', 'Lê Hoàng Nam',      'nam.lh@haco.food',    '0901 111 003', 'Trưởng phòng Kinh doanh', 'Manager', '2021-06-01', TRUE, 22000000),
('c1000004-0000-0000-0000-000000000004', 'a1000000-0000-0000-0000-000000000001', 'b1000000-0002-0000-0000-000000000002', 'EMP004', 'Phạm Thị Mai',      'mai.pt@haco.food',    '0901 111 004', 'Sales Executive B2B',     'Senior',  '2022-01-10', TRUE, 15000000),
('c1000005-0000-0000-0000-000000000005', 'a1000000-0000-0000-0000-000000000001', 'b1000000-0002-0000-0000-000000000002', 'EMP005', 'Nguyễn Đức Tú',     'tu.nd@haco.food',     '0901 111 005', 'Sales Executive B2C',     'Junior',  '2023-07-01', TRUE, 12000000),
-- MKT
('c1000006-0000-0000-0000-000000000006', 'a1000000-0000-0000-0000-000000000001', 'b1000000-0003-0000-0000-000000000003', 'EMP006', 'Võ Minh Khoa',      'khoa.vm@haco.food',   '0901 111 006', 'Trưởng phòng Marketing',  'Manager', '2021-09-01', TRUE, 20000000),
('c1000007-0000-0000-0000-000000000007', 'a1000000-0000-0000-0000-000000000001', 'b1000000-0003-0000-0000-000000000003', 'EMP007', 'Đặng Thị Hoa',      'hoa.dt@haco.food',    '0901 111 007', 'Content & Social Media',  'Junior',  '2023-02-15', TRUE, 11000000),
-- SX
('c1000008-0000-0000-0000-000000000008', 'a1000000-0000-0000-0000-000000000001', 'b1000000-0004-0000-0000-000000000004', 'EMP008', 'Trần Văn Bảo',      'bao.tv@haco.food',    '0901 111 008', 'Bếp trưởng',              'Manager', '2020-06-01', TRUE, 25000000),
('c1000009-0000-0000-0000-000000000009', 'a1000000-0000-0000-0000-000000000001', 'b1000000-0004-0000-0000-000000000004', 'EMP009', 'Lý Thị Ngân',       'ngan.lt@haco.food',   '0901 111 009', 'Bếp phó / Line cook',     'Senior',  '2021-11-01', TRUE, 14000000),
('c1000010-0000-0000-0000-000000000010', 'a1000000-0000-0000-0000-000000000001', 'b1000000-0004-0000-0000-000000000004', 'EMP010', 'Hoàng Văn Đức',     'duc.hv@haco.food',    '0901 111 010', 'Kitchen Staff',           'Junior',  '2024-01-08', TRUE,  9000000),
-- RD
('c1000011-0000-0000-0000-000000000011', 'a1000000-0000-0000-0000-000000000001', 'b1000000-0005-0000-0000-000000000005', 'EMP011', 'Nguyễn Thị Thu',    'thu.nt@haco.food',    '0901 111 011', 'Trưởng phòng R&D-QA',     'Manager', '2022-03-01', TRUE, 19000000),
('c1000012-0000-0000-0000-000000000012', 'a1000000-0000-0000-0000-000000000001', 'b1000000-0005-0000-0000-000000000005', 'EMP012', 'Phan Văn Lâm',      'lam.pv@haco.food',    '0901 111 012', 'QA / Food Safety',        'Junior',  '2023-09-01', TRUE, 10000000),
-- MH
('c1000013-0000-0000-0000-000000000013', 'a1000000-0000-0000-0000-000000000001', 'b1000000-0006-0000-0000-000000000006', 'EMP013', 'Đỗ Thị Hằng',       'hang.dt@haco.food',   '0901 111 013', 'Trưởng phòng Mua hàng',   'Manager', '2021-04-01', TRUE, 18000000),
('c1000014-0000-0000-0000-000000000014', 'a1000000-0000-0000-0000-000000000001', 'b1000000-0007-0000-0000-000000000007', 'EMP014', 'Bùi Văn Tài',       'tai.bv@haco.food',    '0901 111 014', 'HR Executive',            'Junior',  '2023-05-15', TRUE, 11000000);

-- Update department heads
UPDATE departments SET head_id = 'c1000001-0000-0000-0000-000000000001' WHERE id = 'b1000000-0001-0000-0000-000000000001';
UPDATE departments SET head_id = 'c1000003-0000-0000-0000-000000000003' WHERE id = 'b1000000-0002-0000-0000-000000000002';
UPDATE departments SET head_id = 'c1000006-0000-0000-0000-000000000006' WHERE id = 'b1000000-0003-0000-0000-000000000003';
UPDATE departments SET head_id = 'c1000008-0000-0000-0000-000000000008' WHERE id = 'b1000000-0004-0000-0000-000000000004';
UPDATE departments SET head_id = 'c1000011-0000-0000-0000-000000000011' WHERE id = 'b1000000-0005-0000-0000-000000000005';
UPDATE departments SET head_id = 'c1000013-0000-0000-0000-000000000013' WHERE id = 'b1000000-0006-0000-0000-000000000006';
UPDATE departments SET head_id = 'c1000002-0000-0000-0000-000000000002' WHERE id = 'b1000000-0007-0000-0000-000000000007';

-- ============================================================
-- KPI TREE (30 KPIs — company → dept → personal)
-- ============================================================
-- Cấp 0: Company KPI
INSERT INTO kpis (id, company_id, department_id, owner_id, parent_id, code, name, unit, direction, formula_type, weight, is_monetary, is_leaf, sort_order) VALUES
('k0000001-0000-0000-0000-000000000001', 'a1000000-0000-0000-0000-000000000001', 'b1000000-0001-0000-0000-000000000001', 'c1000001-0000-0000-0000-000000000001',
 NULL, 'NET_PROFIT', 'Lợi nhuận ròng', 'VND', 'increase', 'manual', 1.0, TRUE, FALSE, 1),

-- Cấp 1: Pillar KPIs (con của NET_PROFIT)
('k0000002-0000-0000-0000-000000000002', 'a1000000-0000-0000-0000-000000000001', 'b1000000-0002-0000-0000-000000000002', 'c1000003-0000-0000-0000-000000000003',
 'k0000001-0000-0000-0000-000000000001', 'REVENUE', 'Tổng doanh thu', 'VND', 'increase', 'sum', 0.40, TRUE, FALSE, 2),

('k0000003-0000-0000-0000-000000000003', 'a1000000-0000-0000-0000-000000000001', 'b1000000-0004-0000-0000-000000000004', 'c1000008-0000-0000-0000-000000000008',
 'k0000001-0000-0000-0000-000000000001', 'FOOD_COST_PCT', 'Food Cost %', '%', 'decrease', 'ratio', 0.25, FALSE, FALSE, 3),

('k0000004-0000-0000-0000-000000000004', 'a1000000-0000-0000-0000-000000000001', 'b1000000-0003-0000-0000-000000000003', 'c1000006-0000-0000-0000-000000000006',
 'k0000001-0000-0000-0000-000000000001', 'MKT_SPEND_PCT', 'Chi phí Marketing / Doanh thu', '%', 'decrease', 'ratio', 0.10, FALSE, FALSE, 4),

('k0000005-0000-0000-0000-000000000005', 'a1000000-0000-0000-0000-000000000001', 'b1000000-0007-0000-0000-000000000007', 'c1000002-0000-0000-0000-000000000002',
 'k0000001-0000-0000-0000-000000000001', 'PAYROLL_COST_PCT', 'Chi phí lương / Doanh thu', '%', 'decrease', 'ratio', 0.10, FALSE, FALSE, 5),

('k0000006-0000-0000-0000-000000000006', 'a1000000-0000-0000-0000-000000000001', 'b1000000-0002-0000-0000-000000000002', 'c1000003-0000-0000-0000-000000000003',
 'k0000001-0000-0000-0000-000000000001', 'CUST_SAT', 'Điểm hài lòng khách hàng (CSAT)', 'điểm', 'increase', 'manual', 0.08, FALSE, FALSE, 6),

('k0000007-0000-0000-0000-000000000007', 'a1000000-0000-0000-0000-000000000001', 'b1000000-0006-0000-0000-000000000006', 'c1000013-0000-0000-0000-000000000013',
 'k0000001-0000-0000-0000-000000000001', 'OTIF', 'Tỷ lệ giao hàng đúng hạn (OTIF)', '%', 'increase', 'manual', 0.07, FALSE, FALSE, 7);

-- Cấp 2: Department KPIs (con của pillar KPIs)
-- Revenue breakdown
INSERT INTO kpis (id, company_id, department_id, owner_id, parent_id, code, name, unit, direction, formula_type, weight, is_monetary, is_leaf, sort_order) VALUES
('k0000010-0000-0000-0000-000000000010', 'a1000000-0000-0000-0000-000000000001', 'b1000000-0002-0000-0000-000000000002', 'c1000004-0000-0000-0000-000000000004',
 'k0000002-0000-0000-0000-000000000002', 'REV_B2B', 'Doanh thu B2B (đặt cơm công ty)', 'VND', 'increase', 'manual', 0.50, TRUE, TRUE, 10),

('k0000011-0000-0000-0000-000000000011', 'a1000000-0000-0000-0000-000000000001', 'b1000000-0002-0000-0000-000000000002', 'c1000005-0000-0000-0000-000000000005',
 'k0000002-0000-0000-0000-000000000002', 'REV_B2C', 'Doanh thu B2C (walk-in / takeaway)', 'VND', 'increase', 'manual', 0.30, TRUE, TRUE, 11),

('k0000012-0000-0000-0000-000000000012', 'a1000000-0000-0000-0000-000000000001', 'b1000000-0002-0000-0000-000000000002', 'c1000003-0000-0000-0000-000000000003',
 'k0000002-0000-0000-0000-000000000002', 'REV_SHOW', 'Doanh thu sự kiện / Show', 'VND', 'increase', 'manual', 0.20, TRUE, TRUE, 12),

-- Sales sub-KPIs
('k0000013-0000-0000-0000-000000000013', 'a1000000-0000-0000-0000-000000000001', 'b1000000-0002-0000-0000-000000000002', 'c1000004-0000-0000-0000-000000000004',
 'k0000010-0000-0000-0000-000000000010', 'NEW_CORP_CLIENT', 'Khách hàng B2B mới ký hợp đồng', 'khách', 'increase', 'manual', 1.0, FALSE, TRUE, 13),

('k0000014-0000-0000-0000-000000000014', 'a1000000-0000-0000-0000-000000000001', 'b1000000-0002-0000-0000-000000000002', 'c1000005-0000-0000-0000-000000000005',
 'k0000011-0000-0000-0000-000000000011', 'AOV', 'Giá trị đơn hàng TB (AOV)', 'VND', 'increase', 'manual', 1.0, TRUE, TRUE, 14),

-- Food cost breakdown
('k0000015-0000-0000-0000-000000000015', 'a1000000-0000-0000-0000-000000000001', 'b1000000-0004-0000-0000-000000000004', 'c1000008-0000-0000-0000-000000000008',
 'k0000003-0000-0000-0000-000000000003', 'WASTE_PCT', 'Tỷ lệ hao hụt nguyên liệu', '%', 'decrease', 'manual', 0.40, FALSE, TRUE, 15),

('k0000016-0000-0000-0000-000000000016', 'a1000000-0000-0000-0000-000000000001', 'b1000000-0005-0000-0000-000000000005', 'c1000011-0000-0000-0000-000000000011',
 'k0000003-0000-0000-0000-000000000003', 'RECIPE_COMPLY', 'Tuân thủ định lượng công thức', '%', 'increase', 'manual', 0.35, FALSE, TRUE, 16),

('k0000017-0000-0000-0000-000000000017', 'a1000000-0000-0000-0000-000000000001', 'b1000000-0006-0000-0000-000000000006', 'c1000013-0000-0000-0000-000000000013',
 'k0000003-0000-0000-0000-000000000003', 'SUPPLIER_COST', 'Giảm giá mua nguyên liệu vs kế hoạch', '%', 'increase', 'manual', 0.25, FALSE, TRUE, 17),

-- MKT KPIs
('k0000018-0000-0000-0000-000000000018', 'a1000000-0000-0000-0000-000000000001', 'b1000000-0003-0000-0000-000000000003', 'c1000006-0000-0000-0000-000000000006',
 'k0000004-0000-0000-0000-000000000004', 'LEAD_GEN', 'Số lead tiềm năng từ Digital', 'lead', 'increase', 'manual', 0.50, FALSE, TRUE, 18),

('k0000019-0000-0000-0000-000000000019', 'a1000000-0000-0000-0000-000000000001', 'b1000000-0003-0000-0000-000000000003', 'c1000007-0000-0000-0000-000000000007',
 'k0000004-0000-0000-0000-000000000004', 'SOCIAL_REACH', 'Lượt tiếp cận mạng xã hội', 'reach', 'increase', 'manual', 0.50, FALSE, TRUE, 19),

-- Ops/Kitchen KPIs
('k0000020-0000-0000-0000-000000000020', 'a1000000-0000-0000-0000-000000000001', 'b1000000-0004-0000-0000-000000000004', 'c1000009-0000-0000-0000-000000000009',
 'k0000007-0000-0000-0000-000000000007', 'OEE_BEP', 'OEE Bếp (hiệu suất thiết bị)', '%', 'increase', 'manual', 0.50, FALSE, TRUE, 20),

('k0000021-0000-0000-0000-000000000021', 'a1000000-0000-0000-0000-000000000001', 'b1000000-0005-0000-0000-000000000005', 'c1000012-0000-0000-0000-000000000012',
 'k0000007-0000-0000-0000-000000000007', 'HACCP_PASS', 'Tỷ lệ pass HACCP check', '%', 'increase', 'manual', 0.50, FALSE, TRUE, 21),

-- HR KPIs
('k0000022-0000-0000-0000-000000000022', 'a1000000-0000-0000-0000-000000000001', 'b1000000-0007-0000-0000-000000000007', 'c1000014-0000-0000-0000-000000000014',
 'k0000005-0000-0000-0000-000000000005', 'STAFF_TURNOVER', 'Tỷ lệ nghỉ việc nhân sự', '%', 'decrease', 'manual', 0.50, FALSE, TRUE, 22),

('k0000023-0000-0000-0000-000000000023', 'a1000000-0000-0000-0000-000000000001', 'b1000000-0007-0000-0000-000000000007', 'c1000002-0000-0000-0000-000000000002',
 'k0000005-0000-0000-0000-000000000005', 'EBITDA_MARGIN', 'EBITDA Margin', '%', 'increase', 'manual', 0.50, FALSE, TRUE, 23);

-- ============================================================
-- KPI TARGETS (kỳ T5/2026)
-- ============================================================
INSERT INTO kpi_targets (kpi_id, period, target, set_by) VALUES
('k0000001-0000-0000-0000-000000000001', '2026-05', 450000000,  'c1000001-0000-0000-0000-000000000001'),
('k0000002-0000-0000-0000-000000000002', '2026-05', 1800000000, 'c1000001-0000-0000-0000-000000000001'),
('k0000003-0000-0000-0000-000000000003', '2026-05', 30,         'c1000008-0000-0000-0000-000000000008'),
('k0000004-0000-0000-0000-000000000004', '2026-05', 8,          'c1000006-0000-0000-0000-000000000006'),
('k0000005-0000-0000-0000-000000000005', '2026-05', 22,         'c1000002-0000-0000-0000-000000000002'),
('k0000006-0000-0000-0000-000000000006', '2026-05', 4.5,        'c1000003-0000-0000-0000-000000000003'),
('k0000007-0000-0000-0000-000000000007', '2026-05', 95,         'c1000013-0000-0000-0000-000000000013'),
('k0000010-0000-0000-0000-000000000010', '2026-05', 900000000,  'c1000004-0000-0000-0000-000000000004'),
('k0000011-0000-0000-0000-000000000011', '2026-05', 540000000,  'c1000005-0000-0000-0000-000000000005'),
('k0000012-0000-0000-0000-000000000012', '2026-05', 360000000,  'c1000003-0000-0000-0000-000000000003'),
('k0000013-0000-0000-0000-000000000013', '2026-05', 5,          'c1000004-0000-0000-0000-000000000004'),
('k0000014-0000-0000-0000-000000000014', '2026-05', 185000,     'c1000005-0000-0000-0000-000000000005'),
('k0000015-0000-0000-0000-000000000015', '2026-05', 3,          'c1000008-0000-0000-0000-000000000008'),
('k0000016-0000-0000-0000-000000000016', '2026-05', 95,         'c1000011-0000-0000-0000-000000000011'),
('k0000017-0000-0000-0000-000000000017', '2026-05', 5,          'c1000013-0000-0000-0000-000000000013'),
('k0000018-0000-0000-0000-000000000018', '2026-05', 120,        'c1000006-0000-0000-0000-000000000006'),
('k0000019-0000-0000-0000-000000000019', '2026-05', 500000,     'c1000007-0000-0000-0000-000000000007'),
('k0000020-0000-0000-0000-000000000020', '2026-05', 85,         'c1000009-0000-0000-0000-000000000009'),
('k0000021-0000-0000-0000-000000000021', '2026-05', 98,         'c1000012-0000-0000-0000-000000000012'),
('k0000022-0000-0000-0000-000000000022', '2026-05', 5,          'c1000014-0000-0000-0000-000000000014'),
('k0000023-0000-0000-0000-000000000023', '2026-05', 18,         'c1000002-0000-0000-0000-000000000002');

-- ============================================================
-- KPI ACTUALS (kỳ T5/2026 — thực tế)
-- ============================================================
INSERT INTO kpi_actuals (kpi_id, period, actual, source, entered_by) VALUES
('k0000001-0000-0000-0000-000000000001', '2026-05', 412000000,  'manual', 'c1000002-0000-0000-0000-000000000002'),
('k0000002-0000-0000-0000-000000000002', '2026-05', 1723000000, 'manual', 'c1000002-0000-0000-0000-000000000002'),
('k0000003-0000-0000-0000-000000000003', '2026-05', 32.4,       'formula','c1000008-0000-0000-0000-000000000008'),
('k0000004-0000-0000-0000-000000000004', '2026-05', 9.1,        'formula','c1000006-0000-0000-0000-000000000006'),
('k0000005-0000-0000-0000-000000000005', '2026-05', 23.8,       'formula','c1000002-0000-0000-0000-000000000002'),
('k0000006-0000-0000-0000-000000000006', '2026-05', 4.2,        'manual', 'c1000003-0000-0000-0000-000000000003'),
('k0000007-0000-0000-0000-000000000007', '2026-05', 91.5,       'manual', 'c1000013-0000-0000-0000-000000000013'),
('k0000010-0000-0000-0000-000000000010', '2026-05', 876000000,  'pos_sync','c1000004-0000-0000-0000-000000000004'),
('k0000011-0000-0000-0000-000000000011', '2026-05', 518000000,  'pos_sync','c1000005-0000-0000-0000-000000000005'),
('k0000012-0000-0000-0000-000000000012', '2026-05', 329000000,  'manual', 'c1000003-0000-0000-0000-000000000003'),
('k0000013-0000-0000-0000-000000000013', '2026-05', 4,          'manual', 'c1000004-0000-0000-0000-000000000004'),
('k0000014-0000-0000-0000-000000000014', '2026-05', 178000,     'pos_sync','c1000005-0000-0000-0000-000000000005'),
('k0000015-0000-0000-0000-000000000015', '2026-05', 3.8,        'manual', 'c1000008-0000-0000-0000-000000000008'),
('k0000016-0000-0000-0000-000000000016', '2026-05', 92,         'manual', 'c1000011-0000-0000-0000-000000000011'),
('k0000017-0000-0000-0000-000000000017', '2026-05', 3.2,        'manual', 'c1000013-0000-0000-0000-000000000013'),
('k0000018-0000-0000-0000-000000000018', '2026-05', 143,        'manual', 'c1000006-0000-0000-0000-000000000006'),
('k0000019-0000-0000-0000-000000000019', '2026-05', 487000,     'manual', 'c1000007-0000-0000-0000-000000000007'),
('k0000020-0000-0000-0000-000000000020', '2026-05', 83,         'manual', 'c1000009-0000-0000-0000-000000000009'),
('k0000021-0000-0000-0000-000000000021', '2026-05', 96,         'manual', 'c1000012-0000-0000-0000-000000000012'),
('k0000022-0000-0000-0000-000000000022', '2026-05', 7.1,        'manual', 'c1000014-0000-0000-0000-000000000014'),
('k0000023-0000-0000-0000-000000000023', '2026-05', 16.8,       'formula','c1000002-0000-0000-0000-000000000002');

-- ============================================================
-- CHART OF ACCOUNTS (VAS - Vietnamese Accounting Standard)
-- ============================================================
INSERT INTO chart_of_accounts (company_id, account_code, account_name, account_type, parent_code, sort_order) VALUES
-- Tài sản ngắn hạn
('a1000000-0000-0000-0000-000000000001', '111',  'Tiền mặt',                          'asset',   NULL,  10),
('a1000000-0000-0000-0000-000000000001', '112',  'Tiền gửi ngân hàng',                'asset',   NULL,  11),
('a1000000-0000-0000-0000-000000000001', '131',  'Phải thu khách hàng',               'asset',   NULL,  12),
('a1000000-0000-0000-0000-000000000001', '152',  'Nguyên liệu, vật liệu',             'asset',   NULL,  13),
('a1000000-0000-0000-0000-000000000001', '155',  'Thành phẩm',                        'asset',   NULL,  14),
('a1000000-0000-0000-0000-000000000001', '156',  'Hàng hóa',                          'asset',   NULL,  15),
('a1000000-0000-0000-0000-000000000001', '133',  'Thuế GTGT được khấu trừ',          'asset',   NULL,  16),
-- Tài sản dài hạn
('a1000000-0000-0000-0000-000000000001', '211',  'Tài sản cố định hữu hình',          'asset',   NULL,  20),
('a1000000-0000-0000-0000-000000000001', '214',  'Hao mòn tài sản cố định',           'asset',   NULL,  21),
-- Nợ phải trả
('a1000000-0000-0000-0000-000000000001', '331',  'Phải trả nhà cung cấp',             'liability',NULL, 30),
('a1000000-0000-0000-0000-000000000001', '333',  'Thuế và các khoản phải nộp NN',     'liability',NULL, 31),
('a1000000-0000-0000-0000-000000000001', '334',  'Phải trả người lao động',           'liability',NULL, 32),
('a1000000-0000-0000-0000-000000000001', '338',  'Phải trả, phải nộp khác (BHXH)',    'liability',NULL, 33),
('a1000000-0000-0000-0000-000000000001', '341',  'Vay và nợ thuê tài chính',          'liability',NULL, 34),
-- Vốn chủ sở hữu
('a1000000-0000-0000-0000-000000000001', '411',  'Vốn đầu tư của chủ sở hữu',        'equity',  NULL,  40),
('a1000000-0000-0000-0000-000000000001', '421',  'Lợi nhuận sau thuế chưa phân phối','equity',  NULL,  41),
-- Doanh thu
('a1000000-0000-0000-0000-000000000001', '511',  'Doanh thu bán hàng & CCDV',         'revenue', NULL,  50),
('a1000000-0000-0000-0000-000000000001', '5111', 'Doanh thu B2B',                     'revenue', '511', 51),
('a1000000-0000-0000-0000-000000000001', '5112', 'Doanh thu B2C',                     'revenue', '511', 52),
('a1000000-0000-0000-0000-000000000001', '5113', 'Doanh thu Sự kiện',                 'revenue', '511', 53),
('a1000000-0000-0000-0000-000000000001', '515',  'Doanh thu hoạt động tài chính',     'revenue', NULL,  54),
-- Chi phí
('a1000000-0000-0000-0000-000000000001', '632',  'Giá vốn hàng bán (COGS)',           'expense', NULL,  60),
('a1000000-0000-0000-0000-000000000001', '641',  'Chi phí bán hàng',                  'expense', NULL,  61),
('a1000000-0000-0000-0000-000000000001', '6411', 'Chi phí lương nhân viên bán hàng', 'expense', '641', 62),
('a1000000-0000-0000-0000-000000000001', '6412', 'Chi phí Marketing & Quảng cáo',    'expense', '641', 63),
('a1000000-0000-0000-0000-000000000001', '642',  'Chi phí quản lý doanh nghiệp',      'expense', NULL,  64),
('a1000000-0000-0000-0000-000000000001', '6421', 'Chi phí lương quản lý',             'expense', '642', 65),
('a1000000-0000-0000-0000-000000000001', '6422', 'Chi phí văn phòng',                 'expense', '642', 66),
('a1000000-0000-0000-0000-000000000001', '6423', 'Chi phí khấu hao TSCĐ',             'expense', '642', 67),
('a1000000-0000-0000-0000-000000000001', '635',  'Chi phí tài chính (lãi vay)',       'expense', NULL,  68),
('a1000000-0000-0000-0000-000000000001', '811',  'Chi phí khác',                      'expense', NULL,  69);

-- ============================================================
-- ACCOUNTING ENTRIES (T12/2025 → T5/2026 — 6 tháng)
-- ============================================================
-- Sử dụng function để tạo entries nhanh hơn
DO $$
DECLARE
  company UUID := 'a1000000-0000-0000-0000-000000000001';
  dept_kd UUID := 'b1000000-0002-0000-0000-000000000002';
  dept_mkt UUID := 'b1000000-0003-0000-0000-000000000003';
  dept_sx UUID := 'b1000000-0004-0000-0000-000000000004';
  dept_hr UUID := 'b1000000-0007-0000-0000-000000000007';
  cfo UUID := 'c1000002-0000-0000-0000-000000000002';
BEGIN
  -- ========== T12/2025 ==========
  INSERT INTO accounting_entries (company_id, entry_date, period, account_code, account_name, entry_type, amount, description, department_id, created_by) VALUES
  (company, '2025-12-31', '2025-12', '5111', 'Doanh thu B2B',        'credit', 780000000, 'Doanh thu tháng 12/2025 - B2B', dept_kd, cfo),
  (company, '2025-12-31', '2025-12', '5112', 'Doanh thu B2C',        'credit', 430000000, 'Doanh thu tháng 12/2025 - B2C', dept_kd, cfo),
  (company, '2025-12-31', '2025-12', '5113', 'Doanh thu Sự kiện',    'credit', 290000000, 'Doanh thu tháng 12/2025 - Events', dept_kd, cfo),
  (company, '2025-12-31', '2025-12', '632',  'COGS',                 'debit',  460000000, 'Giá vốn T12/2025', dept_sx, cfo),
  (company, '2025-12-31', '2025-12', '641',  'CP bán hàng',          'debit',  95000000,  'CP bán hàng T12/2025', dept_kd, cfo),
  (company, '2025-12-31', '2025-12', '6412', 'CP Marketing',         'debit',  120000000, 'Facebook Ads + influencer T12', dept_mkt, cfo),
  (company, '2025-12-31', '2025-12', '642',  'CP quản lý',           'debit',  185000000, 'Lương quản lý + vận hành T12', dept_hr, cfo);

  -- ========== T1/2026 ==========
  INSERT INTO accounting_entries (company_id, entry_date, period, account_code, account_name, entry_type, amount, description, department_id, created_by) VALUES
  (company, '2026-01-31', '2026-01', '5111', 'Doanh thu B2B',        'credit', 820000000, 'Doanh thu B2B tháng 1/2026', dept_kd, cfo),
  (company, '2026-01-31', '2026-01', '5112', 'Doanh thu B2C',        'credit', 450000000, 'Doanh thu B2C tháng 1/2026', dept_kd, cfo),
  (company, '2026-01-31', '2026-01', '5113', 'Doanh thu Sự kiện',    'credit', 310000000, 'Sự kiện Tết T1/2026', dept_kd, cfo),
  (company, '2026-01-31', '2026-01', '632',  'COGS',                 'debit',  478000000, 'Giá vốn T1/2026', dept_sx, cfo),
  (company, '2026-01-31', '2026-01', '641',  'CP bán hàng',          'debit',  98000000,  'CP bán hàng T1/2026', dept_kd, cfo),
  (company, '2026-01-31', '2026-01', '6412', 'CP Marketing',         'debit',  130000000, 'Campaign Tết T1/2026', dept_mkt, cfo),
  (company, '2026-01-31', '2026-01', '642',  'CP quản lý',           'debit',  192000000, 'Lương + vận hành T1/2026', dept_hr, cfo);

  -- ========== T2/2026 ==========
  INSERT INTO accounting_entries (company_id, entry_date, period, account_code, account_name, entry_type, amount, description, department_id, created_by) VALUES
  (company, '2026-02-28', '2026-02', '5111', 'Doanh thu B2B',        'credit', 710000000, 'Doanh thu B2B T2/2026 (Tết)', dept_kd, cfo),
  (company, '2026-02-28', '2026-02', '5112', 'Doanh thu B2C',        'credit', 380000000, 'Doanh thu B2C T2/2026', dept_kd, cfo),
  (company, '2026-02-28', '2026-02', '5113', 'Doanh thu Sự kiện',    'credit', 180000000, 'Sự kiện sau Tết', dept_kd, cfo),
  (company, '2026-02-28', '2026-02', '632',  'COGS',                 'debit',  390000000, 'Giá vốn T2/2026', dept_sx, cfo),
  (company, '2026-02-28', '2026-02', '641',  'CP bán hàng',          'debit',  82000000,  'CP bán hàng T2/2026', dept_kd, cfo),
  (company, '2026-02-28', '2026-02', '6412', 'CP Marketing',         'debit',  95000000,  'CP Marketing T2/2026', dept_mkt, cfo),
  (company, '2026-02-28', '2026-02', '642',  'CP quản lý',           'debit',  185000000, 'Lương + vận hành T2/2026', dept_hr, cfo);

  -- ========== T3/2026 ==========
  INSERT INTO accounting_entries (company_id, entry_date, period, account_code, account_name, entry_type, amount, description, department_id, created_by) VALUES
  (company, '2026-03-31', '2026-03', '5111', 'Doanh thu B2B',        'credit', 860000000, 'Doanh thu B2B T3/2026', dept_kd, cfo),
  (company, '2026-03-31', '2026-03', '5112', 'Doanh thu B2C',        'credit', 510000000, 'Doanh thu B2C T3/2026', dept_kd, cfo),
  (company, '2026-03-31', '2026-03', '5113', 'Doanh thu Sự kiện',    'credit', 320000000, 'Hội nghị Q1 T3/2026', dept_kd, cfo),
  (company, '2026-03-31', '2026-03', '632',  'COGS',                 'debit',  507000000, 'Giá vốn T3/2026', dept_sx, cfo),
  (company, '2026-03-31', '2026-03', '641',  'CP bán hàng',          'debit',  105000000, 'CP bán hàng T3/2026', dept_kd, cfo),
  (company, '2026-03-31', '2026-03', '6412', 'CP Marketing',         'debit',  138000000, 'Google Ads + TikTok T3/2026', dept_mkt, cfo),
  (company, '2026-03-31', '2026-03', '642',  'CP quản lý',           'debit',  195000000, 'Lương + vận hành T3/2026', dept_hr, cfo);

  -- ========== T4/2026 ==========
  INSERT INTO accounting_entries (company_id, entry_date, period, account_code, account_name, entry_type, amount, description, department_id, created_by) VALUES
  (company, '2026-04-30', '2026-04', '5111', 'Doanh thu B2B',        'credit', 895000000, 'Doanh thu B2B T4/2026', dept_kd, cfo),
  (company, '2026-04-30', '2026-04', '5112', 'Doanh thu B2C',        'credit', 523000000, 'Doanh thu B2C T4/2026', dept_kd, cfo),
  (company, '2026-04-30', '2026-04', '5113', 'Doanh thu Sự kiện',    'credit', 348000000, 'Events 30/4 T4/2026', dept_kd, cfo),
  (company, '2026-04-30', '2026-04', '632',  'COGS',                 'debit',  524000000, 'Giá vốn T4/2026', dept_sx, cfo),
  (company, '2026-04-30', '2026-04', '641',  'CP bán hàng',          'debit',  108000000, 'CP bán hàng T4/2026', dept_kd, cfo),
  (company, '2026-04-30', '2026-04', '6412', 'CP Marketing',         'debit',  145000000, 'Campaign 30/4 T4/2026', dept_mkt, cfo),
  (company, '2026-04-30', '2026-04', '642',  'CP quản lý',           'debit',  198000000, 'Lương + vận hành T4/2026', dept_hr, cfo);

  -- ========== T5/2026 (current period) ==========
  INSERT INTO accounting_entries (company_id, entry_date, period, account_code, account_name, entry_type, amount, description, department_id, created_by) VALUES
  (company, '2026-05-15', '2026-05', '5111', 'Doanh thu B2B',        'credit', 876000000, 'Doanh thu B2B T5/2026', dept_kd, cfo),
  (company, '2026-05-15', '2026-05', '5112', 'Doanh thu B2C',        'credit', 518000000, 'Doanh thu B2C T5/2026', dept_kd, cfo),
  (company, '2026-05-15', '2026-05', '5113', 'Doanh thu Sự kiện',    'credit', 329000000, 'Sự kiện T5/2026', dept_kd, cfo),
  (company, '2026-05-15', '2026-05', '632',  'COGS',                 'debit',  558000000, 'Giá vốn T5/2026 (FC 32.4%)', dept_sx, cfo),
  (company, '2026-05-15', '2026-05', '641',  'CP bán hàng',          'debit',  112000000, 'CP bán hàng T5/2026', dept_kd, cfo),
  (company, '2026-05-15', '2026-05', '6412', 'CP Marketing',         'debit',  157000000, 'Ads + KOL T5/2026', dept_mkt, cfo),
  (company, '2026-05-15', '2026-05', '642',  'CP quản lý',           'debit',  209000000, 'Lương + vận hành T5/2026', dept_hr, cfo);
END;
$$;

-- ============================================================
-- PAYROLL (T5/2026)
-- ============================================================
INSERT INTO payroll_periods (id, company_id, period, status) VALUES
('pp000001-0000-0000-0000-000000000001', 'a1000000-0000-0000-0000-000000000001', '2026-05', 'draft');

INSERT INTO payroll_rules (company_id, name, threshold, multiplier, sort_order) VALUES
('a1000000-0000-0000-0000-000000000001', 'Không đạt',   0.00, 0.0, 1),
('a1000000-0000-0000-0000-000000000001', 'Cơ bản',      0.80, 0.5, 2),
('a1000000-0000-0000-0000-000000000001', 'Đạt',         0.90, 0.75,3),
('a1000000-0000-0000-0000-000000000001', 'Hoàn thành',  1.00, 1.0, 4),
('a1000000-0000-0000-0000-000000000001', 'Vượt chỉ tiêu',1.20,1.5, 5);

-- ============================================================
-- ALERTS (5 cảnh báo hệ thống)
-- ============================================================
INSERT INTO alerts (company_id, department_id, kpi_id, title, body, severity, category, is_read, is_resolved) VALUES
('a1000000-0000-0000-0000-000000000001', 'b1000000-0004-0000-0000-000000000004', 'k0000003-0000-0000-0000-000000000003',
 'Food Cost vượt ngưỡng 30%',
 'Food Cost T5/2026 đang ở 32.4%, vượt target 30%. Cần kiểm tra định lượng bếp và kiểm soát waste.',
 'critical', 'kpi', FALSE, FALSE),

('a1000000-0000-0000-0000-000000000001', 'b1000000-0007-0000-0000-000000000007', 'k0000022-0000-0000-0000-000000000022',
 'Tỷ lệ nghỉ việc tăng cao (7.1%)',
 'Staff turnover T5/2026: 7.1% vs target 5%. Cần review chính sách phúc lợi và môi trường làm việc.',
 'warning', 'hr', FALSE, FALSE),

('a1000000-0000-0000-0000-000000000001', 'b1000000-0003-0000-0000-000000000003', 'k0000004-0000-0000-0000-000000000004',
 'Chi phí Marketing vượt 9% doanh thu',
 'Marketing spend T5/2026: 9.1% vs target 8%. Đề nghị review phân bổ ngân sách ads.',
 'warning', 'kpi', TRUE, FALSE),

('a1000000-0000-0000-0000-000000000001', 'b1000000-0002-0000-0000-000000000002', 'k0000013-0000-0000-0000-000000000013',
 'New Corp Client chưa đạt chỉ tiêu',
 'Chỉ ký được 4/5 khách B2B mới trong tháng. Còn 1 pipeline đang đàm phán: Công ty ABC.',
 'warning', 'kpi', FALSE, FALSE),

('a1000000-0000-0000-0000-000000000001', NULL, NULL,
 'Hết hạn giấy phép ATTP Q3/2026',
 'Giấy phép An toàn thực phẩm số 12/ATTP-HCM hết hạn ngày 30/09/2026. Cần gia hạn trước 60 ngày.',
 'info', 'ops', FALSE, FALSE);

-- ============================================================
-- APPROVALS (4 phê duyệt đang chờ)
-- ============================================================
INSERT INTO approvals (company_id, requester_id, approver_id, approval_type, title, description, amount, status, priority, due_date) VALUES
('a1000000-0000-0000-0000-000000000001', 'c1000006-0000-0000-0000-000000000006', 'c1000001-0000-0000-0000-000000000001',
 'budget', 'Ngân sách Marketing T6/2026',
 'Xin duyệt ngân sách marketing tháng 6: TikTok Ads 50tr + KOL 30tr + Google Ads 25tr + thiết kế 15tr',
 120000000, 'pending', 'high', '2026-05-20'),

('a1000000-0000-0000-0000-000000000001', 'c1000013-0000-0000-0000-000000000013', 'c1000002-0000-0000-0000-000000000002',
 'capex', 'Mua máy rửa bát công nghiệp',
 'Đề xuất mua 1 máy rửa bát Meiko FV40.2 để tăng năng suất bếp. Giá 85 triệu, khấu hao 5 năm.',
 85000000, 'pending', 'medium', '2026-05-25'),

('a1000000-0000-0000-0000-000000000001', 'c1000014-0000-0000-0000-000000000014', 'c1000001-0000-0000-0000-000000000001',
 'policy', 'Cập nhật chính sách thưởng KPI Q3/2026',
 'Đề xuất điều chỉnh hệ số bonus cho phòng Bếp từ 1.0x lên 1.1x do áp lực vận hành tăng cao.',
 0, 'pending', 'medium', '2026-05-30'),

('a1000000-0000-0000-0000-000000000001', 'c1000003-0000-0000-0000-000000000003', 'c1000001-0000-0000-0000-000000000001',
 'budget', 'Chi phí thuê mặt bằng popup T6/2026',
 'Thuê điểm bán popup tại Vivo City 15 ngày trong tháng 6 để test kênh B2C mới.',
 45000000, 'pending', 'low', '2026-06-01');

-- ============================================================
-- OBJECTIVES / OKR (Q2-2026)
-- ============================================================
INSERT INTO objectives (company_id, department_id, owner_id, title, description, period, status, progress, is_company_level) VALUES
('a1000000-0000-0000-0000-000000000001', NULL, 'c1000001-0000-0000-0000-000000000001',
 'Tăng trưởng doanh thu 25% và cải thiện biên lợi nhuận Q2/2026',
 'Mục tiêu công ty: doanh thu 5.4 tỷ Q2, net margin ≥ 18%, food cost ≤ 30%',
 'Q2-2026', 'on_track', 72.0, TRUE),

('a1000000-0000-0000-0000-000000000001', 'b1000000-0002-0000-0000-000000000002', 'c1000003-0000-0000-0000-000000000003',
 'Mở rộng mạng lưới B2B 15 khách hàng doanh nghiệp mới trong Q2',
 'Tập trung vào các công ty 200+ nhân viên khu Quận 7, Quận 4, Bình Chánh',
 'Q2-2026', 'at_risk', 53.0, FALSE),

('a1000000-0000-0000-0000-000000000001', 'b1000000-0004-0000-0000-000000000004', 'c1000008-0000-0000-0000-000000000008',
 'Đưa Food Cost xuống dưới 29% và waste dưới 2.5%',
 'Triển khai định lượng số, kiểm soát BOM nghiêm ngặt, training bếp mới',
 'Q2-2026', 'at_risk', 45.0, FALSE),

('a1000000-0000-0000-0000-000000000001', 'b1000000-0003-0000-0000-000000000003', 'c1000006-0000-0000-0000-000000000006',
 'Xây dựng thương hiệu Bếp Cô Hạ trên TikTok đạt 50K followers',
 'Sản xuất 30 video/tháng, 5 KOL partnership, đạt 5M reach/tháng',
 'Q2-2026', 'on_track', 68.0, FALSE);

-- ============================================================
-- SUPPLIERS (nhà cung cấp)
-- ============================================================
INSERT INTO suppliers (company_id, code, name, tax_id, contact_name, phone, address, payment_terms, lead_time_days, rating, categories) VALUES
('a1000000-0000-0000-0000-000000000001', 'SUP001', 'Công ty TNHH Thực phẩm Đại Việt',    '0310123456', 'Anh Minh',   '0908 222 001', 'Bình Dương',   '30_days', 2, 4.2, ARRAY['thịt', 'hải sản']),
('a1000000-0000-0000-0000-000000000001', 'SUP002', 'HTX Nông sản Sạch Đà Lạt',            '0610234567', 'Chị Hương',  '0908 222 002', 'Đà Lạt',       '15_days', 3, 4.5, ARRAY['rau', 'củ', 'quả']),
('a1000000-0000-0000-0000-000000000001', 'SUP003', 'Công ty CP Gia vị Mê Kông',           '0110345678', 'Anh Dũng',   '0908 222 003', 'Long An',      '30_days', 5, 3.8, ARRAY['gia vị', 'nước chấm']),
('a1000000-0000-0000-0000-000000000001', 'SUP004', 'Siêu thị Metro Cash & Carry',         '0300456789', 'Mr. Tuấn',   '0908 222 004', 'TP.HCM',       'cod',     1, 4.0, ARRAY['bao bì', 'nguyên liệu khô']),
('a1000000-0000-0000-0000-000000000001', 'SUP005', 'Công ty TNHH Gas Petrovietnam',       '0200567890', 'Kỹ thuật',   '0908 222 005', 'TP.HCM',       '30_days', 7, 4.8, ARRAY['năng lượng', 'gas']);

-- ============================================================
-- INGREDIENTS (20 nguyên liệu chính)
-- ============================================================
INSERT INTO ingredients (company_id, code, name, category, unit, unit_cost, min_stock, reorder_point, shelf_life_days, storage_temp) VALUES
('a1000000-0000-0000-0000-000000000001', 'ING001', 'Gạo tẻ thường',         'ngũ cốc',    'kg',   18000,  100,  150, 365,  'room'),
('a1000000-0000-0000-0000-000000000001', 'ING002', 'Thịt heo nạc xay',      'thịt',       'kg',   95000,  20,   35,  3,    'cold'),
('a1000000-0000-0000-0000-000000000001', 'ING003', 'Ức gà công nghiệp',     'thịt',       'kg',   85000,  30,   50,  4,    'cold'),
('a1000000-0000-0000-0000-000000000001', 'ING004', 'Trứng gà ta',           'trứng',      'quả',  4500,   200,  300, 21,   'room'),
('a1000000-0000-0000-0000-000000000001', 'ING005', 'Cải ngọt',              'rau',        'kg',   25000,  15,   25,  3,    'cold'),
('a1000000-0000-0000-0000-000000000001', 'ING006', 'Bông cải xanh',         'rau',        'kg',   35000,  10,   20,  5,    'cold'),
('a1000000-0000-0000-0000-000000000001', 'ING007', 'Cà chua bi',            'rau',        'kg',   40000,  10,   18,  7,    'room'),
('a1000000-0000-0000-0000-000000000001', 'ING008', 'Dầu ăn Neptune',        'dầu mỡ',     'lít',  42000,  50,   80,  730,  'room'),
('a1000000-0000-0000-0000-000000000001', 'ING009', 'Nước mắm Nam Ngư',      'gia vị',     'lít',  35000,  30,   50,  730,  'room'),
('a1000000-0000-0000-0000-000000000001', 'ING010', 'Muối tinh',             'gia vị',     'kg',   8000,   20,   30,  1825, 'room'),
('a1000000-0000-0000-0000-000000000001', 'ING011', 'Đường trắng',           'gia vị',     'kg',   22000,  20,   35,  730,  'room'),
('a1000000-0000-0000-0000-000000000001', 'ING012', 'Hành tím',              'rau',        'kg',   30000,  10,   20,  30,   'room'),
('a1000000-0000-0000-0000-000000000001', 'ING013', 'Tỏi khô',               'gia vị',     'kg',   65000,  5,    10,  60,   'room'),
('a1000000-0000-0000-0000-000000000001', 'ING014', 'Mì gói Hảo Hảo',       'ngũ cốc',    'gói',  4000,   50,   100, 365,  'room'),
('a1000000-0000-0000-0000-000000000001', 'ING015', 'Khoai tây',             'rau củ',     'kg',   28000,  20,   35,  30,   'room'),
('a1000000-0000-0000-0000-000000000001', 'ING016', 'Bí đỏ',                 'rau củ',     'kg',   20000,  15,   25,  60,   'room'),
('a1000000-0000-0000-0000-000000000001', 'ING017', 'Tôm thẻ 30/40',         'hải sản',    'kg',   195000, 10,   20,  2,    'frozen'),
('a1000000-0000-0000-0000-000000000001', 'ING018', 'Cá basa fillet',        'hải sản',    'kg',   120000, 10,   18,  3,    'frozen'),
('a1000000-0000-0000-0000-000000000001', 'ING019', 'Hộp cơm giấy nhôm',     'bao bì',     'cái',  2500,   500,  800, 730,  'room'),
('a1000000-0000-0000-0000-000000000001', 'ING020', 'Túi nilon đựng thức ăn','bao bì',     'cuộn', 35000,  20,   40,  1825, 'room');

-- ============================================================
-- DISHES (10 món chính HACO / Bếp Cô Hạ)
-- ============================================================
INSERT INTO dishes (company_id, code, name, category, sale_price, target_food_cost_pct, description) VALUES
('a1000000-0000-0000-0000-000000000001', 'DISH001', 'Cơm gà xối mỡ',           'cơm hộp',    55000,  0.28, 'Gà xối mỡ vàng giòn, cơm trắng dẻo, rau luộc'),
('a1000000-0000-0000-0000-000000000001', 'DISH002', 'Cơm sườn nướng',          'cơm hộp',    58000,  0.29, 'Sườn heo nướng mật ong, cơm trắng, canh rau'),
('a1000000-0000-0000-0000-000000000001', 'DISH003', 'Cơm thịt kho tàu',        'cơm hộp',    52000,  0.27, 'Thịt ba chỉ kho tàu trứng, cơm trắng'),
('a1000000-0000-0000-0000-000000000001', 'DISH004', 'Cơm tôm rang muối',       'cơm hộp',    68000,  0.30, 'Tôm thẻ rang muối ớt, cơm trắng, salad'),
('a1000000-0000-0000-0000-000000000001', 'DISH005', 'Cơm cá basa sốt cà chua', 'cơm hộp',    55000,  0.28, 'Cá basa kho sốt cà chua, cơm trắng'),
('a1000000-0000-0000-0000-000000000001', 'DISH006', 'Set ăn trưa văn phòng',   'set B2B',    75000,  0.31, '2 món mặn + canh + tráng miệng'),
('a1000000-0000-0000-0000-000000000001', 'DISH007', 'Set buffet sự kiện/người','set event',  185000, 0.32, 'Buffet 8 món, phục vụ từ 30 người'),
('a1000000-0000-0000-0000-000000000001', 'DISH008', 'Nước chanh sả gừng',      'đồ uống',    25000,  0.22, 'Detox tự nhiên, không đường'),
('a1000000-0000-0000-0000-000000000001', 'DISH009', 'Chè đậu hũ đường đen',    'tráng miệng',22000, 0.25, 'Món tráng miệng lành mạnh'),
('a1000000-0000-0000-0000-000000000001', 'DISH010', 'Combo cơm + nước + tráng','combo',       89000, 0.29, 'Cơm + nước + tráng miệng tiết kiệm');

-- ============================================================
-- INVENTORY LOCATIONS
-- ============================================================
INSERT INTO inventory_locations (company_id, name, code, type) VALUES
('a1000000-0000-0000-0000-000000000001', 'Kho trung tâm',   'KHO-01', 'storage'),
('a1000000-0000-0000-0000-000000000001', 'Bếp chính',       'BEP-01', 'kitchen'),
('a1000000-0000-0000-0000-000000000001', 'Kho lạnh',        'COLD-01','cold_room'),
('a1000000-0000-0000-0000-000000000001', 'Kho đông lạnh',   'FROZ-01','freezer');

-- ============================================================
-- DAILY SALES (T4 + T5/2026 — sample 20 ngày)
-- ============================================================
DO $$
DECLARE
  company UUID := 'a1000000-0000-0000-0000-000000000001';
  d DATE;
  idx INT;
  rev_b2b BIGINT;
  rev_b2c BIGINT;
  rev_show BIGINT;
BEGIN
  -- Tháng 4/2026
  FOR idx IN 1..15 LOOP
    d := DATE '2026-04-01' + (idx - 1) * 2;
    rev_b2b  := 28000000 + (random() * 8000000)::BIGINT;
    rev_b2c  := 16000000 + (random() * 5000000)::BIGINT;
    rev_show := CASE WHEN idx % 5 = 0 THEN 35000000 + (random() * 20000000)::BIGINT ELSE 0 END;
    INSERT INTO daily_sales (company_id, sale_date, channel, gross_revenue, discount, net_revenue, order_count, aov, food_cost, food_cost_pct)
    VALUES
      (company, d, 'b2b',  rev_b2b,  rev_b2b*0.02::BIGINT,  (rev_b2b*0.98)::BIGINT,  (rev_b2b/95000)::INT,  95000, (rev_b2b*0.305)::BIGINT, 0.305),
      (company, d, 'b2c',  rev_b2c,  rev_b2c*0.03::BIGINT,  (rev_b2c*0.97)::BIGINT,  (rev_b2c/58000)::INT,  58000, (rev_b2c*0.320)::BIGINT, 0.320);
    IF rev_show > 0 THEN
      INSERT INTO daily_sales (company_id, sale_date, channel, gross_revenue, discount, net_revenue, order_count, aov, food_cost, food_cost_pct)
      VALUES (company, d, 'show', rev_show, 0, rev_show, (rev_show/185000)::INT, 185000, (rev_show*0.32)::BIGINT, 0.32);
    END IF;
  END LOOP;

  -- Tháng 5/2026
  FOR idx IN 1..10 LOOP
    d := DATE '2026-05-01' + (idx - 1) * 1;
    rev_b2b  := 29000000 + (random() * 7000000)::BIGINT;
    rev_b2c  := 17000000 + (random() * 4000000)::BIGINT;
    INSERT INTO daily_sales (company_id, sale_date, channel, gross_revenue, discount, net_revenue, order_count, aov, food_cost, food_cost_pct)
    VALUES
      (company, d, 'b2b',  rev_b2b,  (rev_b2b*0.02)::BIGINT,  (rev_b2b*0.98)::BIGINT,  (rev_b2b/95000)::INT,  95000, (rev_b2b*0.328)::BIGINT, 0.328),
      (company, d, 'b2c',  rev_b2c,  (rev_b2c*0.03)::BIGINT,  (rev_b2c*0.97)::BIGINT,  (rev_b2c/58000)::INT,  58000, (rev_b2c*0.322)::BIGINT, 0.322);
  END LOOP;
END;
$$;

-- ============================================================
-- TASKS (15 tasks mẫu)
-- ============================================================
INSERT INTO tasks (company_id, department_id, assignee_id, reporter_id, kpi_id, title, status, priority, due_date, description) VALUES
('a1000000-0000-0000-0000-000000000001', 'b1000000-0002-0000-0000-000000000002', 'c1000004-0000-0000-0000-000000000004', 'c1000003-0000-0000-0000-000000000003', 'k0000013-0000-0000-0000-000000000013',
 'Chốt hợp đồng cơm văn phòng với Công ty ABC Corp', 'in_progress', 'critical', '2026-05-20',
 'Pipeline 200 suất/ngày, giá đàm phán 75k/suất. Cần gửi proposal và demo bữa ăn thử.'),

('a1000000-0000-0000-0000-000000000001', 'b1000000-0002-0000-0000-000000000002', 'c1000004-0000-0000-0000-000000000004', 'c1000003-0000-0000-0000-000000000003', 'k0000013-0000-0000-0000-000000000013',
 'Tiếp cận 10 doanh nghiệp Khu CN Tân Bình', 'todo', 'high', '2026-05-31',
 'Danh sách đã lọc 10 công ty 100-300 nhân viên, cần cold call và gặp mặt.'),

('a1000000-0000-0000-0000-000000000001', 'b1000000-0004-0000-0000-000000000004', 'c1000008-0000-0000-0000-000000000008', 'c1000011-0000-0000-0000-000000000011', 'k0000015-0000-0000-0000-000000000015',
 'Triển khai hệ thống định lượng số nguyên liệu tại bếp', 'in_progress', 'critical', '2026-05-18',
 'Cài cân điện tử + Google Sheet tracking. Mục tiêu giảm waste từ 3.8% → 2.5%.'),

('a1000000-0000-0000-0000-000000000001', 'b1000000-0004-0000-0000-000000000004', 'c1000009-0000-0000-0000-000000000009', 'c1000008-0000-0000-0000-000000000008', 'k0000016-0000-0000-0000-000000000016',
 'Training bếp phụ về định lượng theo BOM mới', 'todo', 'high', '2026-05-22',
 'Tổ chức 2 buổi training cho 3 bếp phụ. Tài liệu BOM Q2/2026 đã chuẩn bị.'),

('a1000000-0000-0000-0000-000000000001', 'b1000000-0003-0000-0000-000000000003', 'c1000007-0000-0000-0000-000000000007', 'c1000006-0000-0000-0000-000000000006', 'k0000019-0000-0000-0000-000000000019',
 'Sản xuất 4 video TikTok "Bếp sau ánh đèn"', 'in_progress', 'medium', '2026-05-25',
 'Series 4 video về hậu trường bếp HACO, target 500k views tổng.'),

('a1000000-0000-0000-0000-000000000001', 'b1000000-0003-0000-0000-000000000003', 'c1000006-0000-0000-0000-000000000006', 'c1000001-0000-0000-0000-000000000001', 'k0000018-0000-0000-0000-000000000018',
 'Kết nối 3 KOL foodie TP.HCM cho chiến dịch tháng 6', 'todo', 'medium', '2026-05-28',
 'KOL target: 100k-500k followers, ngành ẩm thực/lifestyle. Budget: 15tr/KOL.'),

('a1000000-0000-0000-0000-000000000001', 'b1000000-0005-0000-0000-000000000005', 'c1000011-0000-0000-0000-000000000011', 'c1000008-0000-0000-0000-000000000008', 'k0000021-0000-0000-0000-000000000021',
 'Thực hiện HACCP audit tháng 5/2026', 'done', 'high', '2026-05-10',
 'Kiểm tra 20 điểm kiểm soát theo checklist HACCP. Kết quả: 96/100 điểm pass.'),

('a1000000-0000-0000-0000-000000000001', 'b1000000-0006-0000-0000-000000000006', 'c1000013-0000-0000-0000-000000000013', 'c1000002-0000-0000-0000-000000000002', 'k0000017-0000-0000-0000-000000000017',
 'Đàm phán giá thịt heo với Đại Việt - hợp đồng Q3', 'in_progress', 'high', '2026-05-20',
 'Target giảm 3% giá mua, commit volume 500kg/tuần. Đã có cuộc họp sơ bộ.'),

('a1000000-0000-0000-0000-000000000001', 'b1000000-0007-0000-0000-000000000007', 'c1000014-0000-0000-0000-000000000014', 'c1000002-0000-0000-0000-000000000002', 'k0000022-0000-0000-0000-000000000022',
 'Khảo sát nhu cầu nhân viên Q2 và cải thiện phúc lợi', 'todo', 'medium', '2026-05-31',
 'Google Form khảo sát 14 nhân viên. Phân tích nguyên nhân turnover cao. Đề xuất phúc lợi mới.'),

('a1000000-0000-0000-0000-000000000001', 'b1000000-0002-0000-0000-000000000002', 'c1000005-0000-0000-0000-000000000005', 'c1000003-0000-0000-0000-000000000003', 'k0000011-0000-0000-0000-000000000011',
 'Setup kênh bán online Shopee Food / GrabFood', 'todo', 'medium', '2026-06-15',
 'Mở 2 kênh B2C online, mục tiêu +20% doanh thu B2C từ tháng 7.'),

('a1000000-0000-0000-0000-000000000001', 'b1000000-0001-0000-0000-000000000001', 'c1000002-0000-0000-0000-000000000002', 'c1000001-0000-0000-0000-000000000001', 'k0000023-0000-0000-0000-000000000023',
 'Hoàn thiện báo cáo tài chính Q1/2026 và nộp thuế TNDN', 'done', 'critical', '2026-04-30',
 'Báo cáo P&L, Balance Sheet Q1. Nộp tờ khai TNDN quý 1 đúng hạn.'),

('a1000000-0000-0000-0000-000000000001', 'b1000000-0005-0000-0000-000000000005', 'c1000012-0000-0000-0000-000000000012', 'c1000011-0000-0000-0000-000000000011', NULL,
 'Phát triển 3 món mới cho menu Q3', 'in_progress', 'medium', '2026-05-31',
 'Trend: healthy, ít calo, Instagram-worthy. Test với 5 người nội bộ trước khi ra menu.'),

('a1000000-0000-0000-0000-000000000001', 'b1000000-0004-0000-0000-000000000004', 'c1000010-0000-0000-0000-000000000010', 'c1000008-0000-0000-0000-000000000008', NULL,
 'Vệ sinh tổng thể thiết bị bếp cuối tháng 5', 'todo', 'low', '2026-05-31',
 'Clean in place: lò nướng, máy chiên, chiller, thớt. Ghi chép vào log HACCP.'),

('a1000000-0000-0000-0000-000000000001', 'b1000000-0006-0000-0000-000000000006', 'c1000013-0000-0000-0000-000000000013', 'c1000008-0000-0000-0000-000000000008', NULL,
 'Kiểm kê kho cuối tháng 5/2026', 'todo', 'high', '2026-05-31',
 'Đếm & cân toàn bộ nguyên liệu, đối chiếu với hệ thống. Báo cáo variance.'),

('a1000000-0000-0000-0000-000000000001', 'b1000000-0001-0000-0000-000000000001', 'c1000001-0000-0000-0000-000000000001', 'c1000001-0000-0000-0000-000000000001', 'k0000001-0000-0000-0000-000000000001',
 'Họp review KPI tháng 5 toàn công ty', 'todo', 'critical', '2026-05-16',
 'All-hands 9h sáng 16/5. CEO trình bày kết quả, trưởng phòng giải trình KPI đỏ.');

-- ============================================================
-- Re-enable triggers
-- ============================================================
SET session_replication_role = DEFAULT;
